{"cameraMode":{"drawMode":0,"name":"Shaded","section":"Shading Mode"},"sceneLighting":true,"audioPlay":false,"sceneViewState":{"showFog":true,"showMaterialUpdate":false,"showSkybox":true,"showFlares":true,"showImageEffects":true,"showParticleSystems":true},"in2DMode":false,"pivot":{"x":7.819067001342773,"y":7.326510906219482,"z":12.795600891113282},"rotation":{"x":-0.07239027321338654,"y":-0.9160699248313904,"z":0.19267891347408296,"w":-0.34417688846588137},"size":35.82342529296875,"orthographic":false}